{"chunk_definitions":[{"chunk_id":"cvogug2ndsuwt","chunk_label":"unnamed-chunk-1","document_id":"2C2CADAD","expansion_state":0,"options":{"engine":"r","label":"unnamed-chunk-2"},"row":18,"row_count":1,"visible":true},{"chunk_id":"c1reg44k3l1qp","chunk_label":"unnamed-chunk-2","document_id":"2C2CADAD","expansion_state":0,"options":{"engine":"r","label":"unnamed-chunk-3"},"row":27,"row_count":1,"visible":true},{"chunk_id":"cx3m10rkym8qw","chunk_label":"unnamed-chunk-3","document_id":"2C2CADAD","expansion_state":0,"options":{"engine":"r","label":"unnamed-chunk-4"},"row":36,"row_count":1,"visible":true},{"chunk_id":"c87ji8jx3uq5s","chunk_label":"unnamed-chunk-4","document_id":"2C2CADAD","expansion_state":0,"options":{"engine":"r","label":"unnamed-chunk-5"},"row":49,"row_count":1,"visible":true},{"chunk_id":"c7vtwmz32m5mv","chunk_label":"unnamed-chunk-5","document_id":"2C2CADAD","expansion_state":0,"options":{"engine":"r","label":"unnamed-chunk-1"},"row":58,"row_count":1,"visible":true}],"doc_write_time":1524211725}