{"chunk_definitions":[{"chunk_id":"ctema9agq5uxi","chunk_label":"unnamed-chunk-1","document_id":"1D215599","expansion_state":0,"options":{"engine":"r","label":"unnamed-chunk-1"},"row":13,"row_count":1,"visible":true},{"chunk_id":"crjqbr4ctptuf","chunk_label":"unnamed-chunk-2","document_id":"1D215599","expansion_state":0,"options":{"engine":"r","label":"unnamed-chunk-2"},"row":21,"row_count":1,"visible":true},{"chunk_id":"c7nyxqwiurbvt","chunk_label":"unnamed-chunk-3","document_id":"1D215599","expansion_state":0,"options":{"engine":"r","label":"unnamed-chunk-3"},"row":35,"row_count":1,"visible":true},{"chunk_id":"cr7qmokpg7mow","chunk_label":"unnamed-chunk-4","document_id":"1D215599","expansion_state":0,"options":{"engine":"r","label":"unnamed-chunk-4"},"row":47,"row_count":1,"visible":true},{"chunk_id":"cgd12s7gpr8qe","chunk_label":"unnamed-chunk-5","document_id":"1D215599","expansion_state":0,"options":{"engine":"r","label":"unnamed-chunk-5"},"row":61,"row_count":1,"visible":true}],"chunk_rendered_width":642,"doc_write_time":1521453875}