{"chunk_definitions":[{"chunk_id":"cbo27k7rk5h6i","chunk_label":"unnamed-chunk-1","document_id":"2E8D6609","expansion_state":0,"options":{"engine":"r","label":"unnamed-chunk-1"},"row":19,"row_count":1,"visible":true},{"chunk_id":"c926n6g5k2qsb","chunk_label":"unnamed-chunk-2","document_id":"2E8D6609","expansion_state":0,"options":{"engine":"r","label":"unnamed-chunk-1"},"row":51,"row_count":1,"visible":true},{"chunk_id":"clrfj09ebjpz0","chunk_label":"unnamed-chunk-3","document_id":"2E8D6609","expansion_state":0,"options":{"engine":"r","label":"unnamed-chunk-1"},"row":60,"row_count":1,"visible":true}],"chunk_rendered_width":642,"doc_write_time":1521456771}