{"chunk_definitions":[{"chunk_id":"cvogug2ndsuwt","chunk_label":"unnamed-chunk-1","document_id":"2C2CADAD","expansion_state":0,"options":{"engine":"r","label":"unnamed-chunk-1"},"row":18,"row_count":1,"visible":true},{"chunk_id":"c1reg44k3l1qp","chunk_label":"unnamed-chunk-2","document_id":"2C2CADAD","expansion_state":0,"options":{"engine":"r","label":"unnamed-chunk-2"},"row":27,"row_count":1,"visible":true},{"chunk_id":"cx3m10rkym8qw","chunk_label":"unnamed-chunk-3","document_id":"2C2CADAD","expansion_state":0,"options":{"engine":"r","label":"unnamed-chunk-3"},"row":36,"row_count":1,"visible":true},{"chunk_id":"c87ji8jx3uq5s","chunk_label":"unnamed-chunk-4","document_id":"2C2CADAD","expansion_state":0,"options":{"engine":"r","label":"unnamed-chunk-4"},"row":49,"row_count":1,"visible":true},{"chunk_id":"c7vtwmz32m5mv","chunk_label":"unnamed-chunk-5","document_id":"2C2CADAD","expansion_state":0,"options":{"engine":"r","label":"unnamed-chunk-5"},"row":58,"row_count":1,"visible":true},{"chunk_id":"cakyjhy8omudf","chunk_label":"unnamed-chunk-6","document_id":"2C2CADAD","expansion_state":0,"options":{"engine":"r","label":"unnamed-chunk-1"},"row":70,"row_count":1,"visible":true},{"chunk_id":"c14tbkw2qgfx7","chunk_label":"unnamed-chunk-7","document_id":"2C2CADAD","expansion_state":0,"options":{"engine":"r","label":"unnamed-chunk-3"},"row":77,"row_count":1,"visible":true},{"chunk_id":"cp4sr1eurrj56","chunk_label":"unnamed-chunk-8","document_id":"2C2CADAD","expansion_state":0,"options":{"engine":"r","label":"unnamed-chunk-1"},"row":90,"row_count":1,"visible":true},{"chunk_id":"cyj5rj29jt6e2","chunk_label":"unnamed-chunk-9","document_id":"2C2CADAD","expansion_state":0,"options":{"engine":"r","label":"unnamed-chunk-1"},"row":97,"row_count":1,"visible":true},{"chunk_id":"c39vpsjal84wd","chunk_label":"unnamed-chunk-10","document_id":"2C2CADAD","expansion_state":0,"options":{"engine":"r","label":"unnamed-chunk-2"},"row":103,"row_count":1,"visible":true},{"chunk_id":"cm3qdrkyzl3my","chunk_label":"unnamed-chunk-11","document_id":"2C2CADAD","expansion_state":0,"options":{"engine":"r","label":"unnamed-chunk-2"},"row":114,"row_count":1,"visible":true}],"doc_write_time":1524213410}