{"chunk_definitions":[{"chunk_id":"cvogug2ndsuwt","chunk_label":"unnamed-chunk-1","document_id":"2C2CADAD","expansion_state":0,"options":{"engine":"r","label":"unnamed-chunk-1"},"row":18,"row_count":1,"visible":true},{"chunk_id":"c1reg44k3l1qp","chunk_label":"unnamed-chunk-2","document_id":"2C2CADAD","expansion_state":0,"options":{"engine":"r","label":"unnamed-chunk-5"},"row":27,"row_count":1,"visible":true},{"chunk_id":"ci374885mr42z","chunk_label":"unnamed-chunk-3","document_id":"2C2CADAD","expansion_state":0,"options":{"engine":"r","label":"unnamed-chunk-2"},"row":42,"row_count":1,"visible":true},{"chunk_id":"ch9m82ldsvyz6","chunk_label":"unnamed-chunk-4","document_id":"2C2CADAD","expansion_state":0,"options":{"engine":"r","label":"unnamed-chunk-1"},"row":47,"row_count":1,"visible":true},{"chunk_id":"czr6dg4j7dzzc","chunk_label":"unnamed-chunk-5","document_id":"2C2CADAD","expansion_state":0,"options":{"engine":"r","label":"unnamed-chunk-3"},"row":115,"row_count":1,"visible":true}],"doc_write_time":1523963029}